the,512
a,258
he,248
i,177
of,172
and,164
to,148
was,140
his,137
rainsford,134
in,108
general,106
it,105
you,105
that,87
with,74
had,68
said,60
not,59
s,56
him,55
as,54
on,53
for,51
but,49
my,45
have,42
from,39
there,37
is,36
me,34
an,34
they,32
no,30
one,29
hunting,28
then,28
at,27
be,27
so,26
out,26
were,25
when,25
up,25
by,25
night,24
now,22
t,22
down,22
if,22
eyes,21
could,21
can,21
this,20
himself,20
zaroff,20
are,20
see,19
what,19
heard,19
man,19
made,18
hunt,18
about,18
did,18
ll,18
we,17
do,17
through,17
mr,17
will,16
some,16
all,16
sea,15
must,15
saw,15
ivan,15
thought,15
them,15
into,15
sound,15
good,14
again,14
island,14
come,13
tree,13
place,13
face,13
think,13
off,13
black,13
your,13
animal,13
been,13
like,12
new,12
why,12
game,12
where,12
jungle,12
back,12
its,11
even,11
trail,11
here,11
ve,11
came,11
hunter,11
hand,11
go,10
would,10
more,10
get,10
am,10
most,10
another,10
only,10
knew,10
men,10
along,10
yacht,9
hounds,9
very,9
well,9
or,9
has,9
whitney,9
many,9
stopped,9
m,9
great,8
light,8
nerve,8
giant,8
wish,8
life,8
sleep,8
three,8
strong,8
cossack,8
feet,8
how,8
first,8
fellow,8
lights,8
before,8
don,7
against,7
knife,7
thing,7
food,7
coming,7
never,7
give,7
smiled,7
looked,7
too,7
quarry,7
almost,7
held,7
follow,7
went,7
than,7
smile,7
big,7
find,7
bit,7
window,7
something,7
way,7
found,7
began,7
shall,7
pit,7
every,7
fear,7
after,7
oh,7
clothes,6
whole,6
should,6
put,6
pistol,6
ground,6
rest,6
cigarette,6
know,6
high,6
right,6
pack,6
away,6
reached,6
always,6
gave,6
who,6
which,6
far,6
thick,6
their,6
cry,6
sport,6
bed,6
dear,6
took,6
dark,6
toward,6
air,5
door,5
tell,5
two,5
brought,5
second,5
suggest,5
upon,5
revolver,5
dead,5
nearer,5
last,5
name,5
swamp,5
chance,5
reason,5
stood,5
hope,5
ever,5
sharp,5
enough,5
darkness,5
feel,5
pointed,5
yes,5
time,5
room,5
course,5
open,5
grew,5
over,5
rather,5
foot,5
weeds,5
called,5
world,5
say,5
just,5
shore,4
struck,4
near,4
re,4
evening,4
water,4
fall,4
strength,4
lips,4
danger,4
old,4
mind,4
cut,4
glass,4
still,4
voice,4
shook,4
pointing,4
mean,4
flight,4
lost,4
nothing,4
day,4
dangerous,4
bottle,4
tigers,4
branches,4
chateau,4
opened,4
death,4
perhaps,4
cape,4
buffalo,4
small,4
leaped,4
head,4
sometimes,4
going,4
steps,4
young,4
tried,4
bush,4
answer,4
asked,4
mine,4
evil,4
read,4
idea,4
turned,4
direction,4
real,4
sailors,4
huge,4
kind,4
suppose,4
hunted,4
left,4
want,4
faint,4
shoulders,4
seemed,4
jaguar,4
hundred,4
long,4
let,4
raised,4
climbed,4
may,4
silver,3
please,3
stakes,3
things,3
taking,3
feeling,3
stone,3
sanger,3
got,3
dozen,3
rocks,3
hours,3
morning,3
hardly,3
pressed,3
behind,3
use,3
ship,3
fresh,3
perfect,3
woods,3
explained,3
four,3
thank,3
showed,3
shot,3
cat,3
visit,3
short,3
trees,3
show,3
uniform,3
shots,3
wounded,3
knocker,3
really,3
heart,3
match,3
lay,3
any,3
mark,3
trying,3
tall,3
once,3
remarked,3
yards,3
quite,3
someone,3
god,3
entirely,3
table,3
turn,3
fox,3
sign,3
mouth,3
seen,3
such,3
dressed,3
days,3
tight,3
straight,3
sat,3
blackness,3
call,3
try,3
hall,3
large,3
luckily,3
dogs,3
much,3
shoulder,3
swam,3
underbrush,3
make,3
smoke,3
other,3
startled,3
courtyard,3
suggested,3
hands,3
best,3
quicksand,3
play,3
laugh,3
baying,3
win,3
finished,3
slender,3
leave,3
gray,3
heads,3
devil,3
gun,3
civilized,3
these,3
slight,3
ten,3
earth,3
wait,3
effort,3
times,3
brain,3
pleasure,3
moving,3
breath,3
slowly,3
below,3
tonight,3
within,3
strokes,3
russian,3
moment,3
above,3
fell,3
does,3
told,3
forced,3
nor,3
believe,3
need,3
case,3
drink,2
ring,2
pain,2
nodded,2
sipped,2
caribbean,2
lazarus,2
those,2
sudden,2
being,2
wine,2
specimens,2
au,2
appear,2
flat,2
slow,2
fashion,2
trace,2
without,2
worth,2
value,2
corner,2
waist,2
ideas,2
ill,2
ceased,2
bad,2
muttered,2
us,2
bay,2
talk,2
between,2
preserve,2
finest,2
sportsman,2
under,2
ears,2
shoot,2
years,2
studying,2
start,2
loose,2
failed,2
playing,2
home,2
sent,2
eh,2
congratulate,2
chablis,2
keep,2
towers,2
murder,2
true,2
blade,2
silent,2
brown,2
touched,2
hoarse,2
white,2
carried,2
dread,2
regarded,2
living,2
better,2
ahead,2
interest,2
cunning,2
guns,2
york,2
feels,2
puffed,2
stiffly,2
doubtless,2
pieces,2
killed,2
hold,2
forward,2
thinking,2
making,2
extremely,2
doubt,2
closely,2
chill,2
host,2
mouse,2
point,2
same,2
fainter,2
difficult,2
ridge,2
used,2
impulse,2
country,2
dusk,2
gold,2
exciting,2
breeze,2
waters,2
moose,2
quarter,2
czar,2
stepped,2
dining,2
library,2
largest,2
honor,2
leaned,2
sailor,2
beginning,2
turning,2
soft,2
america,2
edge,2
moccasins,2
minutes,2
ate,2
yet,2
take,2
sir,2
drew,2
amazon,2
lifted,2
instinct,2
rail,2
sighed,2
brute,2
fought,2
excellent,2
somewhere,2
rains,2
closed,2
eyebrows,2
lived,2
sort,2
felt,2
hotly,2
six,2
welcome,2
serious,2
hound,2
lying,2
lit,2
thrill,2
offered,2
attention,2
little,2
swimming,2
score,2
cliffs,2
frame,2
wits,2
terrible,2
cocktail,2
wager,2
tangible,2
observed,2
lot,2
moss,2
africa,2
suddenly,2
hiding,2
cheerfully,2
wash,2
dropped,2
moved,2
sheath,2
pipe,2
hit,2
word,2
speak,2
crush,2
ah,2
pushed,2
isn,2
problems,2
upward,2
laid,2
trigger,2
rested,2
crushed,2
glad,2
grip,2
shrugged,2
invariably,2
given,2
hummed,2
myself,2
log,2
luck,2
following,2
blue,2
minute,2
none,2
teeth,2
hoped,2
half,2
discuss,2
agree,2
house,2
joke,2
stock,2
breaking,2
look,2
done,2
tumbled,2
tired,2
swish,2
live,2
terror,2
across,2
excuse,2
followed,2
escaped,2
mirage,2
caught,2
rich,2
inspiration,2
quiet,2
cannibals,2
animals,2
delicately,2
american,2
bedroom,2
military,2
today,2
slid,2
filled,2
splendid,2
hunters,2
spring,2
continued,2
limb,2
inch,2
stay,2
monster,2
broad,2
laughed,2
set,2
lore,2
supply,2
red,2
wild,2
curious,2
standing,2
sun,2
added,2
dinner,2
greater,2
finding,2
boots,2
providence,2
beneath,2
sucked,2
naturally,2
revoir,2
crimson,2
deepest,2
played,2
expect,2
wide,2
makes,2
tomorrow,2
bore,2
ideal,2
figure,2
sapling,2
gap,2
classes,1
focused,1
third,1
million,1
regret,1
ford,1
gloom,1
illumination,1
safe,1
blew,1
surely,1
picking,1
abruptly,1
boast,1
visitors,1
replied,1
borsch,1
screen,1
viciously,1
leering,1
channel,1
leaves,1
straining,1
analytical,1
trunk,1
muttering,1
answered,1
forms,1
pocket,1
fit,1
became,1
splitting,1
line,1
poor,1
tailor,1
vibrations,1
big-game,1
decided,1
enthusiastically,1
modern,1
mustn,1
scum,1
security,1
certainty,1
',1
tent,1
click,1
elementary,1
blandly,1
range,1
outside,1
ugh,1
planted,1
human,1
france,1
guest,1
served,1
ancestors,1
bear,1
didn,1
magnificence,1
sense,1
wear,1
huskily,1
top,1
zealous,1
automatically,1
whenever,1
tongue,1
flask,1
shadowy,1
poets,1
d,1
grotesque,1
worked,1
avoid,1
later,1
adjusted,1
siesta,1
button,1
paneled,1
stop,1
getting,1
track,1
squire,1
somehow,1
tough-minded,1
closing,1
hurt,1
sit,1
caliber,1
nielsen,1
edges,1
twenty-two,1
zone,1
five,1
cheekbones,1
pursuer,1
exclaimed,1
picture,1
tables,1
deaf,1
afford,1
celebrated,1
spanish,1
cartridge,1
ardent,1
chinese,1
concentration,1
pajamas,1
serving,1
huntees,1
sighted,1
invested,1
orders,1
conserving,1
part,1
saluted,1
beast,1
wavering,1
suggestive,1
snuffbox,1
shouted,1
screaming,1
swamps,1
legs,1
grape,1
trait,1
nose,1
machinery,1
imagination,1
foolish,1
recoil,1
nursing,1
straightened,1
founded,1
dashed,1
rank,1
simply,1
weather,1
commanded,1
hesitated,1
eludes,1
guard,1
blacking,1
gift,1
uganda,1
snake,1
seafaring,1
after-dinner,1
become,1
staggered,1
expressed,1
stupid,1
seven,1
steamer,1
salute,1
sweat,1
god-forsaken,1
distance,1
steered,1
glittered,1
inferior,1
beg,1
doubled,1
rude,1
advanced,1
tore,1
bluff,1
conducted,1
utmost,1
regrettable,1
creature,1
expanse,1
anger,1
mainland,1
long-bladed,1
staring,1
beam-ceilinged,1
sewed,1
stake,1
sloop,1
end,1
bow,1
hills,1
choice,1
delay,1
structure,1
simple,1
rowers,1
snarl,1
gravely,1
springing,1
insane,1
maybe,1
traveling,1
balance,1
turkish,1
mocking,1
brier,1
yourself,1
braggart,1
job,1
cocked,1
venerable,1
extremity,1
coffee,1
worthy,1
refuses,1
mental,1
blinking,1
inquired,1
problem,1
uncomfortable,1
interesting,1
apologetically,1
misfortune,1
mists,1
exhausted,1
poorer,1
horse,1
taken,1
class,1
beaten,1
weaving,1
russia,1
army,1
businessmen,1
remembered,1
thickets,1
rope,1
precariously,1
statue,1
corridor,1
gone,1
ago,1
leash,1
superstition,1
switched,1
months,1
mancatcher,1
apointments,1
evident,1
obstacle,1
free,1
sharpcut,1
noblemen,1
ran,1
bruised,1
tweeds,1
engine,1
rests,1
ooze,1
speeding,1
perfumed,1
reclining,1
pungent,1
supplies,1
thrust,1
excitedly,1
jumpy,1
punish,1
extra,1
notions,1
indeed,1
excessively,1
sick,1
giving,1
incredibly,1
shapes,1
civilization,1
bought,1
noted,1
deliberately,1
insects,1
erect,1
malacca,1
bring,1
stalking,1
fringed,1
romantic,1
carlo,1
baronial,1
race,1
carelessly,1
throb,1
maze,1
chatting,1
native,1
option,1
greedy,1
steel,1
several,1
object,1
natural,1
sash,1
walnut,1
few,1
trap,1
deeper,1
striking,1
tensed,1
smaller,1
remained,1
astrakhan,1
detected,1
balanced,1
forth,1
heel,1
tied,1
bergere,1
forged,1
mystery,1
cliff,1
sticking,1
plate-glass,1
meant,1
surface,1
velvet,1
spoke,1
philosopher,1
anguish,1
view,1
crouching,1
harbors,1
accent,1
occasionally,1
fiber,1
headed,1
easily,1
division,1
locked,1
smell,1
trimmed,1
lightning-charred,1
attributes,1
midnight,1
enjoy,1
determined,1
both,1
dimly,1
dodges,1
recognized,1
landed,1
city,1
crisp,1
tearoom,1
opaqueness,1
noticed,1
exceedingly,1
imperative,1
sack,1
agility,1
leopards,1
grizzliest,1
hungry,1
fixed,1
thickly,1
picked,1
cried,1
leech,1
filet,1
position,1
drop,1
mounted,1
deep,1
swiftness,1
sides,1
begin,1
bows,1
electric,1
book,1
state,1
withdrew,1
hurried,1
sureness,1
glancing,1
situation,1
waiter,1
red-lipped,1
beaver,1
charge,1
limousine,1
passion,1
loses,1
searching,1
cr,1
condition,1
sends,1
solidly,1
marcus,1
gigantic,1
padding,1
claimed,1
deplorable,1
'ship-trap,1
beard,1
rocky,1
understanding,1
unusual,1
invented,1
dig,1
business,1
forbidding,1
traits,1
vitality,1
smiling,1
original,1
raced,1
pinched,1
year,1
actually,1
long-barreled,1
ships,1
friend,1
drive,1
matter,1
treat,1
bird,1
denser,1
savagely,1
abrupt,1
stump,1
suicide,1
hung,1
khaki,1
palpable,1
kept,1
sensuous,1
trailed,1
pick,1
china,1
americans,1
strained,1
manner,1
clear,1
loops,1
hissed,1
twig,1
rot,1
suffered,1
fired,1
crags,1
voices,1
desperately,1
able,1
hard,1
whites,1
trouble,1
duke,1
doggedly,1
numb,1
absorbed,1
rockies,1
carpet,1
wave,1
examined,1
past,1
flying,1
works,1
wound,1
palatial,1
forehead,1
flattened,1
expert,1
plenty,1
suit,1
anyhow,1
wanted,1
watch,1
lunch,1
mistaken,1
joking,1
strike,1
chess,1
softest,1
tells,1
dank,1
drowsiness,1
creaked,1
whose,1
trick,1
pour,1
approaching,1
prize,1
furnish,1
awakened,1
knit,1
noiseless,1
purdey,1
cold-blooded,1
fingers,1
panic,1
forget,1
patch,1
swirling,1
blanket,1
experiences,1
elephants,1
looks,1
firmly,1
educated,1
blood-warm,1
stained,1
ordinarily,1
palates,1
power,1
trust,1
truth,1
utter,1
lacerated,1
grapevine,1
bright,1
stealthy,1
surprise,1
rare,1
unless,1
robber,1
achieved,1
jaws,1
slipping,1
sorry,1
affable,1
softness,1
scruples,1
tone,1
eye,1
vigor,1
grass,1
path,1
remember,1
saplings,1
hurl,1
cold,1
spurred,1
obvious,1
doze,1
nap,1
solicitously,1
suzette,1
quizzically,1
promising,1
moonlight,1
weariness,1
carefully,1
brains,1
canopied,1
scent,1
surprised,1
roger,1
surged,1
wonderful,1
lose,1
guess,1
started,1
father,1
until,1
blue-green,1
store,1
cover,1
smallest,1
stand,1
floundered,1
purposes,1
calm,1
bloodhound,1
replace,1
inevitable,1
nowadays,1
remarkable,1
till,1
hair,1
moscow,1
admitted,1
died,1
crossed,1
leg-weary,1
vast,1
softer,1
shallow,1
madame,1
cigarettes,1
medieval,1
swim,1
soothe,1
grow,1
exercise,1
snow,1
tackle,1
rigidly,1
vivid,1
accustomed,1
unusually,1
muffled,1
puritan,1
physical,1
wan,1
faced,1
bitterly,1
concealment,1
ceiling,1
tasted,1
river,1
well-cooked,1
heavy,1
series,1
crimea,1
possibilities,1
enemy,1
futile,1
repast,1
assure,1
fair,1
quickly,1
fifty,1
unpleasant,1
shadows,1
rubbing,1
hothouse,1
mile,1
angry,1
ranker,1
tiredness,1
sleepy,1
middle,1
biggest,1
crouch,1
words,1
luncheon,1
pes,1
armed,1
trackless,1
gasping,1
lunged,1
specially,1
perfection,1
paris,1
compared,1
forgive,1
aurelius,1
quality,1
mystified,1
foeman,1
needed,1
lean,1
droll,1
struggled,1
outlines,1
ape,1
force,1
seas,1
narrowly,1
wrench,1
cove,1
restful,1
understand,1
malay,1
pleasant,1
condone,1
prospect,1
impression,1
strange,1
poured,1
postponing,1
receding,1
nerves,1
holding,1
spot,1
valley,1
dosed,1
rhinoceroses,1
mathematical,1
easier,1
frantically,1
cavalry,1
proving,1
remaining,1
brightened,1
threw,1
spiked,1
recalling,1
casually,1
solicitous,1
reappeared,1
smashed,1
faultlessly,1
french,1
pursuers,1
fight,1
noble,1
tragic,1
worried,1
hammer,1
beggars,1
screamed,1
sensation,1
imported,1
electricity,1
cream,1
fairly,1
reports,1
deck,1
torch,1
wilderness,1
propeller,1
shut,1
bored,1
intent,1
noise,1
jaguars,1
skull,1
twenty,1
brandy,1
gates,1
resourceful,1
gentleman,1
knouter,1
regarding,1
protested,1
war,1
whipped,1
diverting,1
bizarre,1
longer,1
crotch,1
panted,1
glittering,1
walked,1
afternoon,1
realized,1
massive,1
wrestled,1
crocodiles,1
naive,1
veuve,1
bleak,1
mignon,1
sons,1
plunging,1
count,1
stretching,1
watercourse,1
haversack,1
often,1
growling,1
consideration,1
tip,1
broadcast,1
crackle,1
grinding,1
righteous,1
entire,1
raise,1
reputation,1
floated,1
complicated,1
wrong,1
complimented,1
pent-up,1
snapped,1
oaken,1
russians,1
deliciously,1
securities,1
speaking,1
monte,1
eyelid,1
hurled,1
paused,1
quick,1
violent,1
daybreak,1
lions,1
surmounted,1
school,1
helping,1
training,1
iron,1
glance,1
animated,1
singularly,1
windows,1
inevitably,1
gloomy,1
recovered,1
crook,1
mention,1
leather,1
dumb,1
gate,1
hunger,1
heavily,1
lofty,1
jut,1
society,1
headway,1
function,1
london,1
gasped,1
jungles,1
barbarous,1
powers,1
protruding,1
champagne,1
meaning,1
merest,1
alertness,1
afterdeck,1
official,1
discerned,1
scowling,1
quicker,1
needs,1
flash,1
lassars,1
notice,1
success,1
arm,1
least,1
murderer,1
incenselike,1
limbs,1
soup,1
collection,1
studied,1
fable,1
slapped,1
blotted,1
caucasus,1
tiger,1
captain,1
doesn,1
ways,1
thumb,1
amusing,1
perfume,1
eventually,1
east,1
high-powered,1
health,1
disappointed,1
help,1
swede,1
uncanny,1
impossible,1
chuckled,1
check,1
crystal,1
laughter,1
rough,1
amused,1
plate,1
rotten,1
dense,1
sallow,1
butterfly,1
ragged,1
town,1
prehistoric,1
acknowledge,1
enormous,1
sensed,1
proposition,1
crouched,1
blunder,1
gotten,1
hopeless,1
strangle,1
boredom,1
flickering,1
fluttered,1
clearheaded,1
gag,1
hence,1
burst,1
wink,1
appraising,1
pupils,1
hogshead,1
passed,1
outdoor,1
patterns,1
promised,1
loudness,1
wide-open,1
traces,1
realist,1
everything,1
published,1
choose,1
opiate,1
bears,1
licked,1
springy,1
concern,1
officer,1
chambertin,1
salt,1
kings,1
throwing,1
wove,1
aching,1
late,1
nonsense,1
ganges,1
greenly,1
coolheadedness,1
shudder,1
muck,1
heels,1
complaint,1
fishy,1
thoroughbred,1
liqueur,1
confidence,1
intricate,1
shinned,1
warm,1
eating,1
learn,1
younger,1
favorite,1
rifle,1
spare,1
folies,1
front,1
own,1
song,1
fine,1
although,1
lengths,1
disarming,1
green,1
pastime,1
cosmopolite,1
varnishing,1
sky,1
crew,1
pure,1
compares,1
venture,1
alone,1
ask,1
placid,1
wouldn,1
building,1
feudal,1
invent,1
particularly,1
question,1
flee,1
fallen,1
points,1
horror,1
taint,1
perils,1
cries,1
alarmed,1
modesty,1
handsome,1
pattern,1
report,1
aboard,1
anyone,1
cowered,1
panther,1
low,1
floor,1
reply,1
expectantly,1
injured,1
expected,1
refectory,1
feelings,1
swum,1
hadn,1
imprudent,1
jagged,1
ocean,1
apprehensive,1
port,1
bottom,1
tangle,1
date,1
tightening,1
dull,1
odd,1
instant,1
san,1
shattered,1
executed,1
nature,1
certain,1
swiftly,1
thrashed,1
eyelids,1
sank,1
courage,1
moist,1
soon,1
hardwood,1
hurrying,1
digging,1
lucar,1
refuse,1
scream,1
savage,1
miles,1
less,1
arms,1
twoscore,1
wholly,1
aristocrat,1
company,1
sporting,1
genuine,1
joy,1
businesslike,1
prolonged,1
built,1
cultivated,1
razor,1
most-restful,1
our,1
defeat,1
sparrows,1
empty,1
curtains,1
woodcraft,1
raw,1
turkeys,1
outspread,1
mongrels,1
superstitious,1
afraid,1
gives,1
ready,1
clearly,1
chair,1
lapses,1
fireflies,1
saving,1
panels,1
flushed,1
tramp,1
blacks,1
evidence,1
bah,1
headlong,1
slightest,1
desperate,1
appeared,1
fastened,1
glaring,1
web,1
work,1
might,1
trip,1
thoughtful,1
saying,1
endless,1
containing,1
hot,1
plunged,1
care,1
sharpened,1
distant,1
sprang,1
marked,1
cliquot,1
deliberateness,1
acres,1
moon,1
pulled,1
unbroken,1
incense,1
recognize,1
grisly,1
menacing,1
indicate,1
froze,1
learned,1
slept,1
covered,1
indolently,1
operations,1
precision,1
aloud,1
extraordinarily,1
lungs,1
moonless,1
lashed,1
marksmanship,1
declared,1
books,1
dingy,1
peer,1
nut,1
burmese,1
breakfast,1
seem,1
muscle,1
courtly,1
stamina,1
wondered,1
vegetation,1
print,1
bough,1
eagerly,1
bent,1
enjoyment,1
spread,1
wooded,1
anything,1
tapestry,1
larger,1
shouldn,1
astonishment,1
ripple,1
charts,1
weak,1
dragged,1
driven,1
mustache,1
cellar,1
walking,1
sought,1
weren,1
full,1
loved,1
crashed,1
capital,1
matters,1
deliberate,1
strolled,1
throw,1
knocked,1
automatic,1
marble,1
tear,1
drawing,1
pursued,1
elevation,1
fractured,1
shadow,1
southeast,1
wins,1
nostrils,1
agreed,1
crawled,1
watched,1
rio,1
dug,1
fragment,1
annoyances,1
linen,1
cares,1
imagine,1
english,1
sitting,1
easy,1
possibly,1
unseen,1
bearded,1
rumbled,1
mid-victorian,1
fascinated,1
settle,1
chest,1
flung,1
snatch,1
amenities,1
amended,1
change,1
gripping,1
tartar,1
silence,1
silk,1
annoying,1
questioning,1
gargoyle,1
dived,1
glasses,1
understood,1
methods,1
taxi,1
eat,1
seemingly,1
snarled,1
chase,1
belt,1
debacle,1
pol,1
drove,1
dusty,1
land,1
energy,1
village,1
unreality,1
metallic,1
surpassingly,1
nevertheless,1
coast,1
wet,1
staccato,1
tropical,1
bark,1
blow,1
unruffled,1
together,1
widened,1
headache,1
bewilderment,1
poisonous,1
occur,1
ever-vanishing,1
tibet,1
winding,1
won,1
knees,1
hastily,1
age,1
among,1
booming,1
ord,1
ennui,1
puzzled,1
objected,1
precisely,1
